2016-08-02 18:44:29,Keylex
2016-03-16 21:12:42,Ronstring
2017-01-03 04:33:53,Bytecard
2016-06-29 21:39:43,Span
2016-07-10 15:46:17,Redhold
2016-06-09 22:47:05,Sonair
2016-04-08 16:37:17,Sub-Ex
2016-03-04 15:52:50,Vagram
2016-02-29 02:42:33,Viva
2016-04-23 15:55:53,It
2016-07-08 22:49:53,Bigtax
2016-09-29 23:01:22,Ventosanzap
2016-11-06 07:47:37,Vagram
2016-11-20 16:11:07,Sub-Ex
2016-11-19 06:55:43,Regrant
2016-06-21 06:53:07,Voyatouch
2016-08-07 00:40:48,Tresom
2016-11-18 07:01:53,Redhold
2016-11-18 06:42:03,Zaam-Dox
2016-02-08 10:45:35,Sonair
2017-01-21 21:14:41,Bamity
2016-10-16 11:42:24,Sub-Ex
2016-05-06 15:32:54,Vagram
2016-11-25 04:57:08,Y-find
2016-04-25 08:51:30,Fintone
2016-05-21 13:33:50,Zontrax
2017-01-24 09:56:36,Zontrax
2016-07-11 17:39:48,Fintone
2016-03-23 05:24:59,Bytecard
2016-07-30 04:16:24,Sub-Ex
2016-12-09 00:06:14,Regrant
2016-04-03 03:07:52,Hatity
2017-01-18 20:43:01,Bitwolf
2016-07-11 22:19:34,Viva
2016-10-10 21:35:12,Holdlamis
2016-09-29 05:49:44,Tin
2016-06-29 12:54:01,Voltsillam
2016-05-31 14:29:01,Flowdesk
2016-08-20 13:34:25,Asoka
2016-10-17 05:30:31,Tresom
2016-10-11 11:30:28,Zamit
2016-08-23 10:11:02,Matsoft
2016-12-27 08:25:38,Fixflex
2017-01-14 14:41:25,Duobam
2016-04-19 16:22:49,Otcom
2016-09-03 20:24:46,Tin
2016-06-24 08:47:28,Lotstring
2016-05-18 14:24:30,Redhold
2016-11-06 15:24:55,Holdlamis
2016-10-09 01:23:24,Lotlux
2016-09-09 14:34:03,Namfix
2016-02-14 14:10:12,Voyatouch
2017-01-17 18:13:09,Andalax
2016-04-21 21:21:44,Overhold
2016-08-22 12:15:31,Trippledex
2016-06-16 12:44:19,Aerified
2016-09-05 00:44:34,Aerified
2016-09-09 07:39:02,Solarbreeze
2016-05-17 17:58:06,Bytecard
2016-09-28 21:07:23,Toughjoyfax
2016-10-14 14:54:53,Treeflex
2016-08-12 14:19:26,Andalax
2016-09-26 13:37:32,Bitchip
2016-07-21 15:20:32,Zoolab
2016-07-18 08:12:54,Bamity
2016-10-15 07:19:09,Voyatouch
2016-09-09 15:48:27,It
2016-08-11 12:08:57,Flexidy
2016-05-18 00:24:36,Keylex
2016-03-12 18:18:44,Zaam-Dox
2016-06-10 07:18:37,Keylex
2016-08-31 06:36:16,Zaam-Dox
2016-07-18 13:45:48,Keylex
2016-08-04 09:24:37,Alphazap
2016-06-21 08:26:02,Biodex
2016-02-11 15:50:32,Tresom
2016-11-05 04:41:28,Span
2016-09-29 19:35:16,Holdlamis
2016-10-18 12:59:33,Y-Solowarm
2016-07-14 15:09:57,Treeflex
2017-01-16 19:24:56,Alpha
2017-01-06 18:08:32,Otcom
2016-10-31 01:07:25,Bytecard
2016-07-24 00:44:11,Konklux
2016-02-04 21:58:24,Cardguard
2016-07-08 02:47:57,Fixflex
2016-04-03 07:44:03,Flowdesk
2016-06-04 17:58:47,Regrant
2016-06-26 19:31:42,Tempsoft
2016-04-18 14:52:30,Tres-Zap
2016-11-10 06:50:54,Temp
2016-08-22 15:42:54,Andalax
2016-04-28 23:18:03,Viva
2016-11-21 05:32:50,Konklux
2016-12-08 06:21:20,Pannier
2016-12-01 13:12:08,Home Ing
2016-04-27 10:12:37,Ventosanzap
2016-12-07 09:13:24,Subin
2016-03-06 05:54:00,Span
2016-10-06 12:31:44,Bytecard
2016-02-12 22:39:58,Y-find
2016-09-03 04:20:28,Tin
2016-09-01 21:24:18,Y-Solowarm
2016-02-14 02:28:56,Transcof
2017-01-02 11:07:30,Tresom
2016-08-19 13:08:23,Zontrax
2017-01-06 18:39:39,Gembucket
2016-07-02 23:42:13,Stringtough
2016-12-11 00:37:44,Y-find
2016-12-15 03:14:17,Gembucket
2016-06-03 16:22:43,Zontrax
2016-10-27 15:26:59,Konklux
2016-02-23 04:35:59,Flowdesk
2016-04-01 14:25:47,Solarbreeze
2016-03-27 16:37:18,Sonair
2016-11-15 15:23:58,Trippledex
2016-08-01 20:17:06,Daltfresh
2016-02-04 22:45:43,Mat Lam Tam
2016-05-15 11:26:54,Trippledex
2016-12-21 12:45:41,Zathin
2016-04-26 23:16:40,Tampflex
2016-06-06 14:23:10,Fintone
2017-01-04 15:53:18,Zathin
2016-03-17 21:37:07,Latlux
2017-01-27 17:15:59,Subin
2016-05-09 02:53:42,Trippledex
2016-02-10 09:08:05,Lotlux
2017-01-09 13:39:59,Bytecard
2016-07-11 00:31:12,Home Ing
2016-08-31 03:46:26,Voltsillam
2017-01-23 21:04:11,Voyatouch
2016-12-25 19:50:35,Overhold
2016-11-10 13:23:08,Konklux
2017-01-24 17:43:29,Biodex
2016-08-08 01:38:26,Matsoft
2016-09-04 09:26:41,Mat Lam Tam
2016-10-01 09:20:26,Stronghold
2016-10-15 08:08:36,Ventosanzap
2016-10-06 20:03:31,Stronghold
2016-10-14 04:12:31,Zontrax
2016-04-01 10:17:54,Quo Lux
2016-04-26 05:35:56,Veribet
2016-04-07 00:06:13,Stringtough
2016-05-06 18:03:09,Tres-Zap
2016-08-20 05:49:32,Transcof
2016-12-11 17:23:10,Holdlamis
2016-10-28 07:48:47,Bitchip
2016-05-29 19:01:18,Viva
2016-05-18 22:06:20,Gembucket
2016-10-04 04:05:47,Stringtough
2016-09-22 13:46:13,Span
2016-08-29 19:49:09,Greenlam
2016-02-11 03:15:32,Y-find
2016-10-09 03:33:28,Zaam-Dox
2016-09-09 05:52:05,Transcof
2016-12-09 21:37:28,Konklux
2016-12-13 10:24:15,Andalax
2016-03-11 00:24:27,Bitchip
2016-09-03 07:15:12,Tin
2016-02-12 23:10:41,Tres-Zap
2016-04-21 16:03:32,Span
2016-06-09 04:10:40,Vagram
2016-02-17 08:54:42,Ronstring
2016-12-24 08:58:50,Fintone
2016-05-12 18:47:04,Konklab
2016-02-22 12:26:10,Bamity
2017-01-10 12:16:00,Ventosanzap
2016-05-13 19:15:01,Tempsoft
2016-05-25 14:19:00,Viva
2016-05-08 11:41:38,Konklux
2016-11-06 15:57:24,Viva
2016-03-16 14:43:01,Otcom
2016-04-21 17:09:28,Stronghold
2016-02-14 08:29:43,Duobam
2016-08-14 13:09:10,Zaam-Dox
2016-12-01 13:23:38,Rank
2016-05-17 23:30:07,Aerified
2016-03-29 02:42:43,Pannier
2016-09-26 16:33:20,Stronghold
2016-11-01 22:47:07,Opela
2016-04-21 06:02:18,Sonsing
2016-11-26 04:20:00,Regrant
2017-01-18 17:48:45,Keylex
2016-06-22 18:45:59,Home Ing
2016-07-30 11:57:29,Fintone
2016-02-07 18:56:14,Transcof
2016-09-18 06:32:01,Transcof
2016-05-29 20:09:19,Otcom
2016-03-20 23:21:16,Greenlam
2016-06-26 02:14:51,Konklux
2016-09-24 04:39:31,Namfix
2016-03-28 03:38:26,Cardguard
2016-09-19 12:20:46,Stringtough
2016-09-04 19:28:06,Y-Solowarm
2016-09-12 09:38:53,Vagram
2016-06-06 11:21:04,Bitwolf
2016-07-04 13:51:18,Voyatouch
2016-03-04 12:24:17,Stronghold
2016-07-07 02:33:58,Bitchip
2016-12-10 11:27:54,Biodex
2016-10-11 22:34:03,Span
2016-04-02 13:06:44,Bamity
2016-06-14 20:32:22,Quo Lux
2016-05-17 04:59:29,Treeflex
2016-10-12 01:03:51,Bamity
2016-02-20 12:56:59,Fixflex
2016-06-06 20:30:00,Flowdesk
2016-04-27 23:12:05,Home Ing
2016-12-11 17:50:35,Viva
2016-05-02 04:00:59,Vagram
2016-12-02 04:44:15,Hatity
2016-04-18 12:21:35,Flowdesk
2016-04-21 21:04:06,Voyatouch
2017-01-25 23:05:32,Temp
2016-09-12 07:00:21,Fixflex
2016-05-22 20:25:14,Biodex
2016-10-30 22:12:05,Fix San
2016-12-21 00:13:41,Prodder
2016-04-25 10:25:55,Prodder
2017-01-20 02:30:19,Bitchip
2016-11-10 23:03:08,Temp
2016-06-10 11:50:53,Vagram
2016-08-02 21:33:45,Treeflex
2016-03-23 23:32:24,Konklux
2016-08-16 06:59:18,Y-find
2017-01-20 02:37:14,Tresom
2016-07-01 21:43:48,Duobam
2016-08-19 14:10:06,Daltfresh
2016-03-17 23:30:14,Greenlam
2016-06-17 03:17:00,Overhold
2016-06-28 01:12:34,Otcom
2016-09-27 08:12:14,Matsoft
2016-12-26 05:16:09,Y-find
2016-12-14 23:31:39,Tempsoft
2016-03-13 16:33:12,Zontrax
2016-02-05 11:53:54,Zaam-Dox
2016-08-21 10:02:30,Treeflex
2016-03-16 12:09:00,Zontrax
2016-09-02 09:30:02,Flowdesk
2016-07-09 22:59:18,Zaam-Dox
2016-08-27 03:12:31,Tempsoft
2016-02-27 23:37:38,Bigtax
2016-05-10 10:15:34,Opela
2016-04-10 07:48:30,Cookley
2016-03-22 05:47:09,Home Ing
2016-04-20 22:41:07,Bamity
2016-08-21 23:16:31,Lotstring
2016-10-08 20:53:44,Viva
2016-05-31 07:32:35,Quo Lux
2016-03-14 09:57:26,Holdlamis
2016-03-11 16:34:01,Lotstring
2016-10-21 09:52:11,Span
2016-09-15 00:58:37,Aerified
2016-03-13 16:03:25,Zaam-Dox
2016-11-03 19:29:33,Y-Solowarm
2016-05-18 12:17:53,Subin
2016-11-05 18:57:26,Temp
2017-01-12 12:19:26,Veribet
2016-07-29 07:45:21,Hatity
2016-02-21 14:24:50,Andalax
2016-10-17 15:03:36,Bitchip
2016-09-24 20:51:57,Pannier
2016-09-03 03:30:50,Sonair
2016-06-24 06:53:02,Fix San
2016-06-01 16:57:17,Konklab
2016-09-24 17:24:04,Voltsillam
2016-02-25 09:47:52,Regrant
2016-07-22 10:49:21,Ronstring
2016-07-31 12:52:22,Job
2016-09-29 14:33:41,Zontrax
2016-07-12 00:27:13,Cookley
2016-04-06 22:10:59,Kanlam
2016-10-17 10:00:37,Greenlam
2016-04-25 18:34:48,Domainer
2016-04-01 04:47:09,Kanlam
2016-04-22 00:48:40,Kanlam
2016-12-15 17:09:16,Aerified
2016-11-14 09:29:06,Transcof
2016-04-23 08:44:56,Zontrax
2016-09-04 10:52:06,Y-find
2016-04-11 15:56:34,Bamity
2016-05-14 17:01:36,Sonsing
2016-04-25 18:28:11,Gembucket
2016-08-05 08:47:01,Opela
2016-12-14 00:04:40,Holdlamis
2016-04-24 05:36:22,Overhold
2016-11-22 07:10:02,Aerified
2017-01-13 19:10:17,Greenlam
2016-06-26 04:37:33,Keylex
2016-10-08 23:50:14,Y-Solowarm
2016-06-09 09:28:56,Rank
2016-04-09 14:34:58,Bitwolf
2016-11-24 04:56:08,Redhold
2016-07-20 01:00:10,Keylex
2016-11-30 23:01:30,Ronstring
2016-09-12 13:18:17,Stringtough
2016-02-25 09:04:22,Subin
2016-08-26 04:13:23,Ventosanzap
2016-11-18 12:54:47,Stim
2016-05-06 09:05:40,Zamit
2016-12-10 05:22:03,Y-Solowarm
2016-03-29 14:06:13,Job
2016-03-01 06:06:15,Stim
2016-11-14 00:03:22,Tempsoft
2016-08-15 00:35:05,Tampflex
2016-03-09 06:19:17,Flexidy
2016-04-08 12:55:37,Hatity
2017-01-24 12:50:44,Job
2016-11-26 00:23:03,Fixflex
2016-02-18 15:37:04,Bitchip
2016-05-19 11:56:44,Bytecard
2016-02-13 19:02:03,Kanlam
2017-01-29 21:39:49,Alpha
2016-05-17 19:00:52,Ventosanzap
2016-09-07 23:49:43,Konklab
2016-05-12 12:48:11,Hatity
2016-02-22 08:40:26,Tempsoft
2016-05-04 16:21:41,Flowdesk
2016-10-09 23:42:49,Kanlam
2016-03-29 09:18:48,Redhold
2016-07-24 21:17:15,Sub-Ex
2016-05-18 20:13:59,Lotlux
2016-07-14 08:13:52,Job
2016-04-17 12:18:49,Sonsing
2016-12-01 00:00:22,Pannier
2016-07-18 06:52:25,Flowdesk
2016-12-30 16:40:07,Flowdesk
2016-07-19 04:32:07,Bitwolf
2016-08-10 05:39:37,Otcom
2016-11-21 02:44:39,Trippledex
2016-09-23 14:31:57,Y-Solowarm
2016-03-20 19:12:17,Tampflex
2016-04-25 02:11:59,Fix San
2016-09-17 01:49:15,Lotstring
2016-07-29 00:52:49,Kanlam
2016-12-02 19:21:37,Stronghold
2016-11-06 03:34:25,Trippledex
2017-01-30 19:27:46,Voltsillam
2016-11-16 21:31:04,Lotlux
2017-01-16 11:03:28,Y-Solowarm
2016-04-07 17:40:14,Zontrax
2016-06-21 19:00:35,Toughjoyfax
2016-08-09 05:05:55,Hatity
2016-10-25 20:43:35,Zoolab
2016-06-26 11:54:49,Redhold
2016-10-25 07:05:31,Latlux
2016-03-13 00:57:57,Zontrax
2016-03-28 04:01:22,Lotstring
2016-08-27 03:23:45,Bytecard
2016-12-01 02:36:00,Cardguard
2016-03-16 23:05:46,Toughjoyfax
2016-05-03 02:03:35,Bitwolf
2016-02-14 22:38:23,Konklux
2016-08-13 01:23:41,Sonsing
2016-07-12 06:22:01,Prodder
2016-10-12 05:37:04,Bitchip
2016-09-25 09:55:16,Lotlux
2016-06-14 09:38:49,Duobam
2016-04-16 17:41:23,Span
2016-09-27 06:02:31,Konklab
2016-11-13 06:44:41,Otcom
2016-04-04 19:03:27,Vagram
2016-05-28 17:03:54,Alphazap
2016-12-29 14:58:27,Flowdesk
2016-07-06 01:33:50,Y-Solowarm
2016-12-28 15:16:22,Zathin
2016-10-30 09:59:38,Mat Lam Tam
2016-09-04 21:58:56,Trippledex
2017-01-15 06:51:28,Hatity
2016-06-02 06:36:22,Viva
2016-03-29 23:02:43,Zoolab
2016-03-26 17:16:49,Veribet
2017-01-19 02:12:39,Flexidy
2016-11-01 21:20:37,Home Ing
2016-07-07 13:11:04,Ventosanzap
2016-07-12 20:17:16,Regrant
2016-04-13 20:15:13,Tempsoft
2016-08-09 11:30:28,Tresom
2016-02-05 07:02:35,Zaam-Dox
2016-09-21 11:23:46,Mat Lam Tam
2016-12-22 09:29:54,Bitwolf
2017-01-19 01:16:51,Konklab
2016-07-11 10:30:11,Andalax
2016-07-11 13:06:11,Biodex
2016-12-16 19:44:43,Sonair
2016-04-13 02:19:14,Otcom
2016-02-26 18:20:07,Tres-Zap
2016-02-03 11:47:46,Fix San
2016-05-19 22:09:34,Duobam
2017-01-06 01:44:20,Home Ing
2016-04-17 10:38:30,Cookley
2016-07-24 14:15:51,Pannier
2016-04-24 15:50:06,Overhold
2016-02-09 18:05:33,Span
2016-06-24 16:45:29,Quo Lux
2016-02-05 18:01:24,Viva
2016-09-01 19:53:07,Hatity
2016-04-03 16:03:46,Tempsoft
2017-01-05 21:12:14,Transcof
2016-12-12 11:51:41,Regrant
2016-04-10 03:28:16,Flexidy
2017-01-03 19:28:40,Konklux
2016-12-26 05:57:01,Pannier
2016-10-01 03:21:37,Gembucket
2016-10-24 00:08:38,Hatity
2016-07-06 00:08:15,Sonsing
2016-09-18 00:20:43,Redhold
2016-05-04 16:36:57,Y-find
2016-02-17 16:16:58,Opela
2016-07-07 00:42:45,Zoolab
2017-01-02 02:45:27,Fix San
2016-05-31 16:41:13,Trippledex
2016-10-19 11:22:36,Bigtax
2016-04-28 20:55:44,Hatity
2017-01-29 08:05:35,Mat Lam Tam
2016-06-26 07:46:55,Lotstring
2016-06-06 18:41:42,Transcof
2016-08-15 17:23:19,Fix San
2016-08-07 00:05:08,Bamity
2016-12-16 06:35:57,Overhold
2016-08-26 15:32:41,Tres-Zap
2016-09-11 14:40:06,Bitchip
2016-09-11 00:07:32,Quo Lux
2016-08-16 19:40:56,Redhold
2016-12-09 09:16:39,Zathin
2016-12-16 03:52:01,Tresom
2016-04-22 22:31:10,Veribet
2016-11-09 00:32:51,Duobam
2016-09-19 01:48:24,Alpha
2016-03-12 05:30:45,Bitchip
2016-03-28 11:22:07,Y-Solowarm
2017-01-05 21:48:30,Bamity
2017-01-26 04:31:26,Transcof
2016-05-11 03:41:17,Wrapsafe
2016-07-16 00:28:21,Kanlam
2016-06-23 05:38:33,Voltsillam
2016-06-28 20:25:22,Flowdesk
2016-12-10 09:53:08,Hatity
2016-03-26 06:24:15,Voyatouch
2016-12-27 19:06:25,Sonair
2016-04-03 20:00:12,Opela
2016-06-25 01:02:40,Voltsillam
2016-04-18 04:24:24,Zathin
2016-05-19 06:08:28,Daltfresh
2016-06-11 18:42:42,Lotlux
2016-03-15 06:55:10,Bigtax
2016-07-24 02:05:58,Tres-Zap
2016-07-12 17:32:03,Tempsoft
2016-05-04 06:32:32,Domainer
2016-12-22 03:29:32,Tempsoft
2016-09-18 17:32:14,Domainer
2016-08-22 22:01:29,Temp
2016-04-16 18:31:02,Holdlamis
2016-10-07 15:41:06,Gembucket
2016-03-11 22:28:01,Aerified
2016-08-15 08:24:59,Home Ing
2016-09-27 22:33:38,Wrapsafe
2016-10-02 09:17:48,Zaam-Dox
2016-11-05 18:22:33,Cookley
2016-10-07 13:32:58,Wrapsafe
2016-04-02 18:08:00,Holdlamis
2016-07-13 01:23:52,Holdlamis
2016-05-03 11:04:38,Home Ing
2016-06-14 16:50:06,Job
2016-10-09 13:12:59,Zoolab
2016-03-22 09:31:53,Matsoft
2016-05-09 00:48:07,Latlux
2016-08-01 08:05:33,Fix San
2016-02-28 05:00:56,Alpha
2016-04-30 21:16:59,Tempsoft
2016-07-04 13:08:32,Regrant
2016-11-01 23:40:52,Hatity
2016-12-21 08:58:35,Zontrax
2016-06-03 09:31:07,Fixflex
2016-11-06 18:58:14,Ventosanzap
2016-12-11 03:27:53,Zontrax
2016-08-15 18:45:15,Konklux
2017-01-23 03:55:55,Andalax
2016-08-29 13:01:37,Konklux
2017-01-29 04:16:17,Stim
2016-07-29 22:18:23,Zoolab
2017-01-09 07:58:31,Fintone
2016-04-26 17:45:05,Veribet
2016-10-22 11:27:15,Zamit
2016-07-16 02:01:02,Latlux
2016-03-15 16:50:05,It
2016-05-16 11:49:33,Daltfresh
2016-08-18 02:08:02,Tres-Zap
2016-10-26 09:59:18,Konklab
2016-12-28 08:08:43,Latlux
2016-06-14 22:19:04,Voltsillam
2016-06-22 01:49:25,Kanlam
2016-09-01 19:28:55,Zoolab
2016-08-23 08:22:25,Bitchip
2016-10-21 03:31:30,Stim
2016-12-06 01:59:01,Biodex
2016-09-09 14:51:37,Daltfresh
2016-06-28 03:21:36,Wrapsafe
2016-11-09 11:58:53,Zaam-Dox
2016-03-26 18:00:44,Tampflex
2016-12-26 13:31:53,Treeflex
2017-01-18 20:06:52,Lotstring
2016-04-26 05:54:31,Zoolab
2016-07-22 21:09:57,Trippledex
2016-09-02 00:52:32,Bitwolf
2016-03-12 03:42:44,Pannier
2016-05-23 12:59:57,Andalax
2016-03-21 23:46:46,Duobam
2016-03-10 20:10:57,Lotstring
2016-08-07 14:23:55,Keylex
2016-09-02 17:32:09,Keylex
2016-09-17 21:08:28,Temp
2016-04-23 18:23:26,Greenlam
2016-12-22 16:41:05,Zontrax
2016-09-15 08:48:13,Zamit
2016-03-24 16:37:02,Wrapsafe
2016-02-16 06:25:34,Bamity
2016-10-28 14:37:52,Asoka
2016-03-26 20:01:57,Mat Lam Tam
2016-09-17 05:33:57,Cardify
2016-08-03 18:07:06,Sonsing
2016-09-10 04:05:39,Lotlux
2016-03-26 12:53:31,Fix San
2016-05-17 19:06:56,Alpha
2016-11-26 23:34:35,Cardify
2016-04-28 10:48:40,Zoolab
2016-03-01 12:10:24,Solarbreeze
2016-08-11 23:09:42,Rank
2016-10-12 04:30:30,Zathin
2016-08-24 10:10:19,Stim
2016-08-06 18:27:56,Zoolab
2016-07-17 16:09:29,Duobam
2016-12-15 11:25:38,Stronghold
2016-05-04 05:26:52,Namfix
2016-02-20 14:23:12,Opela
2016-08-28 03:46:11,Sonair
2016-06-16 02:55:33,Pannier
2016-05-18 22:22:47,Biodex
2017-01-05 15:25:36,Alphazap
2016-05-16 13:40:12,Zaam-Dox
2016-12-22 15:12:30,Tres-Zap
2016-05-19 10:11:48,Wrapsafe
2016-02-04 14:32:03,Overhold
2016-05-17 12:36:55,Y-find
2016-02-10 11:12:44,Toughjoyfax
2016-09-09 06:39:17,Flexidy
2016-07-22 07:17:14,Bytecard
2016-11-28 11:35:29,Stronghold
2016-09-17 16:52:56,Viva
2016-11-08 04:53:10,Keylex
2016-12-16 03:22:52,Tresom
2016-11-16 15:45:06,Latlux
2016-06-19 19:51:28,Rank
2016-10-24 13:32:01,Opela
2016-03-17 06:07:15,Vagram
2016-02-17 21:25:06,Y-Solowarm
2016-05-16 01:17:08,Vagram
2017-01-28 00:01:53,Zamit
2016-12-15 17:59:01,Lotlux
2016-09-27 16:47:12,Veribet
2016-04-30 14:38:29,Zamit
2017-01-24 09:18:47,Latlux
2016-07-24 03:06:21,Konklab
2016-10-06 21:11:36,Latlux
2016-07-21 18:42:12,Holdlamis
2016-05-18 12:35:39,Temp
2016-10-12 23:59:44,Andalax
2016-12-17 18:23:24,Zamit
2016-02-06 10:31:05,Stim
2016-04-16 09:27:35,Job
2016-07-17 22:35:51,Opela
2016-06-11 23:59:27,Matsoft
2016-11-20 01:28:41,Asoka
2017-01-23 21:15:00,Opela
2016-11-29 14:00:38,Quo Lux
2016-09-12 16:06:30,Flowdesk
2016-04-27 05:09:09,Matsoft
2016-02-08 04:43:33,Namfix
2016-12-20 22:22:54,Domainer
2016-05-29 18:15:31,Sub-Ex
2016-03-11 05:15:12,Stringtough
2016-07-18 17:10:55,Zaam-Dox
2016-02-23 02:53:59,Andalax
2016-04-30 07:29:11,Y-find
2016-06-12 18:46:56,Latlux
2016-09-22 16:24:04,Sonsing
2016-11-13 23:22:06,Flowdesk
2017-01-29 02:22:37,Viva
2016-07-05 19:26:12,Lotstring
2016-11-13 15:54:37,Sub-Ex
2016-12-25 20:08:58,Kanlam
2017-01-26 11:00:40,Bigtax
2016-04-13 20:46:57,Daltfresh
2016-07-11 22:57:49,Bitchip
2016-03-19 11:34:58,Y-find
2016-06-16 19:34:12,Bamity
2017-01-07 22:38:22,Lotstring
2016-09-20 19:31:44,Asoka
2016-03-30 06:50:27,Sonsing
2016-02-16 04:25:21,Trippledex
2016-10-26 13:55:15,Mat Lam Tam
2016-05-21 06:22:44,Lotstring
2016-04-29 19:56:51,Treeflex
2016-02-23 02:01:47,Aerified
2016-05-31 12:05:04,Bitchip
2016-07-16 16:18:00,Stringtough
2016-05-14 02:54:52,It
2016-03-03 15:35:48,Subin
2016-03-15 12:41:33,Ventosanzap
2016-09-07 08:06:32,Zathin
2016-06-17 06:11:52,Latlux
2016-08-03 11:47:07,Stim
2016-04-19 06:17:18,Zontrax
2016-07-23 05:53:05,Lotlux
2016-09-21 00:05:02,Aerified
2016-04-17 22:45:40,Home Ing
2016-04-04 02:43:37,Trippledex
2016-05-26 10:33:14,Mat Lam Tam
2016-05-10 22:26:59,Sonair
2017-01-25 23:32:23,Asoka
2016-08-12 05:33:52,Gembucket
2017-01-19 20:10:23,Bigtax
2016-07-05 14:30:57,Tres-Zap
2016-06-03 21:17:43,Latlux
2016-06-10 18:37:44,Job
2017-01-02 21:28:29,Fixflex
2016-07-10 17:09:17,Flowdesk
2016-03-31 14:01:52,Pannier
2016-02-18 02:12:27,Voltsillam
2016-06-16 10:48:49,Bitchip
2016-05-12 07:44:11,Keylex
2016-03-15 17:02:11,Andalax
2016-03-19 13:34:28,Span
2016-08-31 04:29:41,Bitchip
2016-10-11 13:23:34,Toughjoyfax
2016-10-01 16:59:08,Rank
2016-03-25 17:14:03,Regrant
2016-11-12 22:18:30,Quo Lux
2016-12-22 20:48:25,Alphazap
2016-09-12 06:12:29,Pannier
2016-07-16 05:34:15,Matsoft
2016-12-16 00:54:50,Mat Lam Tam
2016-09-29 01:35:22,Zathin
2016-12-04 10:55:18,Cardguard
2017-01-16 07:43:44,Mat Lam Tam
2016-08-03 16:54:23,Job
2016-11-28 17:02:25,Ventosanzap
2016-11-16 17:19:43,It
2016-05-11 08:25:09,Ronstring
2016-09-18 07:31:14,Transcof
2017-01-05 04:41:55,Bitchip
2016-04-06 00:42:22,Aerified
2016-06-09 06:37:39,Sub-Ex
2016-08-24 13:53:31,Vagram
2016-10-03 01:08:49,Stim
2016-10-26 14:20:45,Regrant
2016-03-26 05:12:02,Ronstring
2016-11-11 14:28:35,Pannier
2016-06-11 10:22:35,Solarbreeze
2016-05-06 10:29:23,Greenlam
2016-04-23 09:54:57,Alphazap
2016-06-12 02:41:04,Prodder
2016-04-20 17:26:41,Zontrax
2016-11-12 15:06:17,Otcom
2017-02-01 03:02:22,Sub-Ex
2016-04-28 05:26:45,Treeflex
2016-09-16 17:53:15,Tres-Zap
2016-04-04 01:53:26,Tampflex
2016-08-16 14:07:49,Y-Solowarm
2016-02-24 17:17:52,Keylex
2016-06-21 08:32:06,Zaam-Dox
2016-09-13 20:58:36,Lotstring
2016-12-17 12:50:45,Stringtough
2016-08-13 13:19:02,Zaam-Dox
2016-12-09 21:11:48,Wrapsafe
2016-10-12 11:23:00,Tin
2016-08-29 21:19:58,Daltfresh
2016-09-15 14:10:57,Cardify
2016-06-20 22:40:52,Duobam
2016-06-11 06:38:10,Y-find
2017-02-01 16:05:20,Greenlam
2016-11-19 16:11:45,Bytecard
2016-09-04 01:39:08,Sub-Ex
2016-04-01 07:54:42,Zoolab
2016-06-07 18:45:42,Span
2016-07-23 18:34:32,Cardguard
2016-10-02 18:49:38,Veribet
2016-12-02 04:48:11,Aerified
2016-09-08 15:46:25,Greenlam
2016-05-08 05:51:47,Stronghold
2016-06-30 02:02:06,Overhold
2017-01-17 13:49:52,It
2016-12-28 16:13:49,Tempsoft
2016-09-23 15:52:58,Vagram
2016-05-26 05:07:11,Alphazap
2016-03-20 22:09:36,Domainer
2016-11-14 16:03:26,Duobam
2016-10-21 22:27:23,Stim
2016-07-12 15:35:21,Gembucket
2016-07-22 10:08:20,Cardguard
2017-01-26 02:42:48,Kanlam
2016-07-19 22:33:50,Trippledex
2016-03-13 13:38:51,Lotlux
2016-04-05 12:11:04,Wrapsafe
2016-06-27 18:39:43,It
2016-12-05 12:30:27,Redhold
2016-08-04 10:42:41,Voyatouch
2016-11-02 02:56:32,Biodex
2016-09-10 09:44:05,Otcom
2016-12-10 11:17:11,Span
2016-12-30 00:51:14,Tres-Zap
2016-12-22 07:39:39,Subin
2017-01-19 03:08:44,Quo Lux
2016-02-06 14:10:08,Tin
2016-08-28 04:15:22,Stim
2016-07-20 22:45:34,Overhold
2016-05-04 13:08:05,Cookley
2016-05-13 21:36:07,Temp
2016-09-21 07:26:32,Cardguard
2016-10-29 14:26:15,Kanlam
2016-09-18 12:27:02,Cardguard
2016-04-04 13:06:23,Sonsing
2016-07-28 14:21:37,Viva
2016-08-18 23:16:02,Alphazap
2016-03-06 00:49:34,Keylex
2017-02-01 03:29:53,Temp
2016-07-06 22:50:46,Cookley
2016-10-30 17:01:42,Y-find
2016-12-27 00:11:08,Aerified
2016-05-19 12:37:56,Quo Lux
2016-12-17 01:46:03,Redhold
2017-01-06 08:36:48,Biodex
2017-01-27 21:56:16,Fixflex
2016-05-27 09:58:09,Bitwolf
2016-11-27 14:54:47,Matsoft
2016-02-14 10:44:30,Opela
2016-08-21 15:50:18,Overhold
2016-05-03 02:36:55,Zoolab
2016-02-04 20:16:12,Hatity
2016-04-02 16:37:00,Redhold
2016-07-19 12:40:33,Sonair
2016-04-30 11:44:27,Overhold
2016-07-07 09:40:25,Zathin
2016-11-24 07:36:57,Veribet
2016-04-15 01:46:38,Asoka
2016-08-09 01:14:59,Stim
2016-08-21 10:54:48,Voltsillam
2016-06-11 05:21:20,Otcom
2016-10-10 05:57:53,Job
2016-03-09 01:57:38,Voyatouch
2016-07-28 08:11:35,Cookley
2016-07-04 16:19:52,Y-find
2016-03-25 19:08:52,Regrant
2016-11-12 17:59:48,Flowdesk
2016-04-12 03:47:02,Subin
2016-09-16 20:54:34,Lotstring
2016-04-24 16:40:18,Opela
2016-03-06 15:31:06,Greenlam
2017-01-27 00:43:08,Ventosanzap
2016-09-15 17:33:07,Sonsing
2016-05-01 02:58:11,Sonsing
2016-04-09 20:42:27,Viva
2016-06-13 01:35:08,Veribet
2016-08-15 20:00:24,Redhold
2016-03-11 00:27:47,Fix San
2016-03-12 02:42:02,Sonair
2016-08-16 22:32:44,Hatity
2017-01-26 10:41:34,Tempsoft
2016-06-10 13:24:02,Trippledex
2017-02-02 15:55:41,Flexidy
2016-06-06 09:31:17,Asoka
2016-05-22 08:52:21,Rank
2016-04-20 13:36:20,Zamit
2016-10-02 11:49:18,Tres-Zap
2016-05-31 05:27:52,Pannier
2016-04-12 11:03:57,Kanlam
2016-05-14 07:24:32,It
2016-02-25 00:30:14,Quo Lux
2016-12-19 17:40:49,Voyatouch
2016-02-09 20:26:01,Daltfresh
2016-05-01 20:56:36,Ventosanzap
2016-04-09 05:55:23,Hatity
2016-07-19 04:39:56,Zamit
2017-01-04 15:52:34,Zoolab
2016-02-12 23:34:44,Solarbreeze
2016-09-09 13:14:26,Biodex
2016-02-18 19:16:58,Tempsoft
2016-04-20 14:26:14,Andalax
2016-12-16 16:56:29,Job
2016-12-05 21:47:57,Bigtax
2016-06-23 08:56:35,Tresom
2016-04-29 16:55:40,Zaam-Dox
2016-08-11 00:55:02,Bamity
2016-03-15 08:43:32,Lotstring
2016-02-22 10:58:40,Flowdesk
2016-07-13 04:28:46,Sonair
2016-03-12 23:25:37,Tresom
2016-07-21 10:31:24,Sonair
2016-09-20 01:48:34,Trippledex
2016-06-07 01:46:11,Hatity
2016-03-29 08:53:00,Tempsoft
2016-06-20 16:39:12,Matsoft
2016-08-26 23:54:17,Veribet
2016-05-16 09:26:52,Cardify
2016-12-06 04:37:30,Zaam-Dox
2016-05-31 20:42:28,Bitchip
2017-01-25 21:01:19,Mat Lam Tam
2016-08-24 17:24:14,Quo Lux
2016-06-27 09:11:23,Home Ing
2016-04-17 10:57:26,Ventosanzap
2016-11-06 07:06:47,Domainer
2016-03-21 14:20:47,Cookley
2016-05-17 05:38:13,Cardguard
2016-08-23 09:51:39,Latlux
2017-01-30 02:36:58,Stim
2016-10-20 07:37:08,Tresom
2016-06-13 11:48:55,Namfix
2016-11-01 15:46:41,Alpha
2016-06-27 03:38:14,Biodex
2016-10-22 10:21:13,Kanlam
2016-02-22 09:07:13,Gembucket
2016-03-26 08:48:39,Lotstring
2016-09-11 05:24:23,Temp
2016-04-29 22:50:38,Bigtax
2016-11-10 21:02:37,Toughjoyfax
2016-10-29 23:08:19,Trippledex
2016-04-19 16:23:53,Flexidy
2016-05-02 05:15:43,Duobam
2016-10-15 07:59:05,Ventosanzap
2016-06-10 23:12:42,Daltfresh
2017-01-05 16:26:07,Trippledex
2016-07-12 17:12:47,Bigtax
2016-09-04 15:07:42,Gembucket
2016-03-22 05:35:05,Bitwolf
2016-11-26 17:33:03,Pannier
2016-10-23 04:37:06,Biodex
2016-08-20 20:50:27,Sub-Ex
2016-03-15 09:20:25,Zamit
2016-06-02 12:59:47,Voyatouch
2016-08-14 06:43:53,Latlux
2016-07-05 00:23:10,Temp
2016-11-11 00:58:42,Biodex
2016-10-25 03:54:46,Overhold
2016-08-06 06:40:57,Aerified
2016-02-15 08:21:47,Toughjoyfax
2016-08-11 13:31:46,Andalax
2016-12-13 13:33:18,Span
2016-06-09 21:44:41,Namfix
2016-12-24 16:47:21,Viva
2016-05-29 08:53:12,Bitchip
2016-04-05 01:31:41,Stim
2017-01-17 23:07:46,Overhold
2016-04-28 22:09:46,Stringtough
2016-07-24 09:07:14,Matsoft
2016-06-04 00:45:11,Viva
2016-08-27 23:39:32,Ronstring
2016-04-28 07:42:35,Biodex
2016-02-06 09:48:01,Bamity
2016-09-22 04:39:45,Greenlam
2016-06-02 03:03:43,Asoka
2016-03-19 05:06:47,Alpha
2016-08-21 19:46:15,It
2016-10-27 14:53:16,Bamity
2016-04-02 13:14:19,Otcom
2016-03-17 12:03:40,Cardguard
2017-01-30 18:08:47,Overhold
2016-10-22 00:13:59,Duobam
2016-11-05 20:50:11,Stim
2016-02-15 21:51:00,Pannier
2016-11-29 08:05:33,Stringtough
2016-05-27 23:41:04,Domainer
2016-09-11 15:32:21,Daltfresh
2016-06-10 18:15:04,Biodex
2016-12-10 06:05:55,Lotstring
2016-10-17 12:09:16,Wrapsafe
2016-04-19 04:23:46,Konklab
2017-01-29 16:28:39,Temp
2016-12-11 11:11:28,Domainer
2016-11-14 05:27:24,Konklux
2017-01-27 14:35:06,Temp
2016-11-16 09:24:32,Quo Lux
2016-04-22 09:08:24,Tampflex
2016-06-05 07:39:47,Prodder
2016-08-03 17:15:07,Regrant
2016-06-22 00:01:44,Cardify
2016-11-14 10:20:55,Span
2016-09-03 01:52:15,Tres-Zap
2016-04-10 15:13:35,Home Ing
2016-10-09 11:00:07,Bigtax
2017-01-01 01:11:57,Voyatouch
2016-08-12 21:06:49,Bamity
2016-10-16 01:08:15,Ventosanzap
2016-10-20 22:55:14,Otcom
2016-05-04 17:13:16,Job
2016-06-28 03:15:51,Stronghold
2016-02-25 08:43:11,Tin
2017-01-28 05:03:49,Zamit
2016-05-21 15:51:36,Zontrax
2016-10-27 03:02:02,Subin
2016-02-19 12:15:25,Prodder
2016-05-13 18:59:24,Flexidy
2016-08-26 08:45:20,Otcom
2016-07-25 02:31:09,Home Ing
2016-08-15 04:20:39,Span
2016-04-11 01:28:33,Span
2016-08-09 22:31:18,Viva
2016-10-10 14:31:14,Wrapsafe
2016-11-28 11:42:55,Viva
2016-10-08 22:55:48,Alphazap
2017-01-07 21:07:36,Sonsing
2016-10-10 20:12:21,Prodder
2016-11-09 11:57:30,Biodex
2016-12-17 13:24:53,Alpha
2016-03-27 14:48:20,Y-Solowarm
2016-08-30 10:43:54,Zoolab
2016-03-29 22:14:49,Transcof
2016-02-08 11:49:16,Otcom
2016-04-01 17:14:36,Aerified
2016-11-15 16:12:28,Bitwolf
2016-03-28 17:53:21,Ronstring
2016-04-23 04:52:54,Redhold
2016-11-03 18:59:48,Andalax
2016-05-11 10:55:03,Bitchip
2016-11-20 20:42:13,Duobam
2016-09-23 05:35:16,Opela
2016-08-23 21:08:41,Domainer
2017-02-01 18:56:24,Overhold
2016-05-18 04:46:00,Quo Lux
2016-02-10 13:59:18,Sonair
2016-03-13 00:46:06,Otcom
2016-12-30 19:55:13,Otcom
2016-03-28 21:29:19,Zathin
2016-10-03 16:22:15,Fintone
2016-08-12 12:56:19,Aerified
2016-03-17 03:44:11,Sonsing
2016-04-23 04:57:05,Zamit
2016-09-26 04:34:30,Bigtax
2016-02-13 03:55:51,Alphazap
2016-07-15 13:47:13,Gembucket
2016-06-05 18:17:02,Domainer
2016-10-15 20:41:18,Sonair
2016-09-07 03:56:34,Stronghold
2016-07-03 04:45:34,Wrapsafe
2016-05-28 04:45:40,Subin
2016-11-29 04:17:16,Zaam-Dox
2016-06-28 06:41:15,Tresom
2016-10-29 00:44:49,Bytecard
2016-03-06 09:56:38,Zontrax
2017-01-14 07:59:19,Voyatouch
2016-02-24 20:39:20,Y-Solowarm
2016-03-07 19:00:32,Sonsing
2016-12-18 00:44:18,Flowdesk
2016-10-30 22:35:56,Hatity
2016-02-27 20:58:42,Fintone
2016-11-22 04:07:12,Sub-Ex
2016-07-09 21:15:02,Daltfresh
2016-12-14 20:23:13,Trippledex
2016-08-11 19:20:33,Tresom
2016-12-15 16:20:09,Stringtough
2016-10-26 06:08:03,Duobam
2016-10-26 22:03:46,Transcof
2016-04-14 14:57:05,Andalax
2016-10-14 09:22:05,Matsoft
2016-11-11 03:13:22,Flexidy
2016-11-13 08:59:36,Zaam-Dox
2016-11-04 08:25:50,Toughjoyfax
2016-04-23 00:35:12,Wrapsafe
2016-09-11 04:29:20,Flexidy
2016-10-11 10:43:35,Trippledex
2017-01-13 04:31:18,Prodder
2016-11-05 19:27:08,Stim
2016-03-03 12:10:03,Tresom
2016-05-28 08:26:46,Prodder
2016-10-15 22:37:51,Opela
2016-04-07 02:09:12,Alphazap
2016-10-25 23:55:09,Y-Solowarm
2017-01-22 03:15:40,Viva
2016-12-09 16:26:05,Prodder
2016-03-19 13:57:25,Voyatouch
2016-03-30 19:08:37,Tin
2016-02-16 03:42:24,Lotstring
2017-01-26 13:49:36,Bamity
2016-08-25 07:04:39,Lotstring
2017-02-02 18:09:51,Alphazap
2016-11-27 04:59:51,Flexidy
2016-08-19 09:04:20,Alpha
2016-05-31 16:35:55,Tin
2017-01-24 06:01:45,Tin
2016-07-04 14:23:07,Tin
2016-04-22 03:37:33,It
2016-06-05 01:11:26,Pannier
2016-03-24 12:20:47,Tresom
2016-12-10 00:38:18,Fix San
2016-09-20 23:47:58,Tresom
2016-06-22 14:50:33,Wrapsafe
2016-12-19 09:39:10,Sonair
2016-05-12 11:17:06,Bitwolf
2017-01-24 21:47:30,Cardify
2016-09-18 06:58:12,Bamity
2016-09-14 23:37:44,Ronstring